OddsRatio	PValue	ConfIntLow	ConfIntHigh
3.42647669670545	1.68930360726337e-51	2.95597705960927	3.96147187595774
