OddsRatio	PValue	ConfIntLow	ConfIntHigh
1.98905059898829	0.00178727894952112	1.28116452634157	2.98508969498926
