OddsRatio	PValue	ConfIntLow	ConfIntHigh
2.35268724586284	4.66414473284034e-07	1.69755276767786	3.20421102406873
