OddsRatio	PValue	ConfIntLow	ConfIntHigh
1.52871240024904	0.00558065145388688	1.12643809536717	2.03920257209227
