OddsRatio	PValue	ConfIntLow	ConfIntHigh
3.33819104815177	6.66454856181118e-38	2.8163690560493	3.94202775128349
