OddsRatio	PValue	ConfIntLow	ConfIntHigh
3.37580991040572	1.5309515809978e-08	2.2479562283531	4.9532163413597
