Gene	mean_raw_r_sq	best_raw_r_sq	mean_rmse	min_rmse	cor_value_R2_RMSE	cor_pvalue	cor_padj_BH	RMSE	R_squared
ENSG00000228748.2	0.079105385976771	0.0886472576011443	1.59251323546784	0.816412499955585	-0.448283698569923	0.193819163535816	0.781197662984965	0.793127296622293	0.205325289857062
ENSG00000246451.2	0.122436167477156	0.237887490367441	0.612597795998805	0.506262577899162	-0.0770478929312342	0.832454706099345	0.98417386326709	0.559543942819627	0.207181341587576
ENSG00000286808.1	0.067012044288799	0.122780565906907	0.601196336468617	0.542861062813223	-0.430370175336963	0.214412875624371	0.793961332933044	0.303798716504885	0.271372033207247
