Gene	mean_raw_r_sq	best_raw_r_sq	mean_rmse	min_rmse	cor_value_R2_RMSE	cor_pvalue	cor_padj_BH	RMSE	R_squared
ENSG00000106588.12	0.115865191492208	0.220803402200001	0.515920256090347	0.457546822048248	-0.164054391141139	0.650634593215209	0.951674912490938	0.632759457952219	0.205647456102763
ENSG00000241484.10	0.0911711259109268	-0.0674797598913588	0.735834508944007	0.62554740682731	0.0234477969688319	0.948736135159582	0.995985466761623	0.678699326497753	0.20508686841143
ENSG00000242588.7	0.0771460044850178	0.161389828023619	0.460603204650338	0.353947326049641	-0.678211564606483	0.0311125470030512	0.525515341700001	0.568996575177527	0.207125079542866
ENSG00000245275.9	0.115665140343547	0.190557699997795	0.629622320052482	0.557058424684638	-0.666629787689834	0.0352790380897439	0.533157848155432	0.528135673037253	0.207114247466747
ENSG00000261326.4	0.126015142265471	0.0523706219968206	0.57600332204925	0.490621747433775	-0.342454328639471	0.332724888295422	0.864688677843886	0.778543245507174	0.20260881583264
ENSG00000271533.1	0.186493326984797	0.250601769233107	0.548715036048921	0.487615946909008	-0.422207889604813	0.224195625578517	0.800440652390102	0.688973341507427	0.224670199973839
ENSG00000290796.1	0.0974225450442214	0.192532504398835	0.680997289330847	0.619760525129582	-0.153687157717127	0.671638177211101	0.956379645703818	0.751955028832681	0.225727494965138
