OddsRatio	PValue	ConfIntLow	ConfIntHigh
2.61991783230223	1.4220637684674e-05	1.70077174181051	3.91731302773424
