OddsRatio	PValue	ConfIntLow	ConfIntHigh
1.87243129013582	0.012866989788885	1.10536179067945	3.01826185120068
