OddsRatio	PValue	ConfIntLow	ConfIntHigh
1.56740231450702	0.00647915680617382	1.12808851740582	2.13465577960666
