OddsRatio	PValue	ConfIntLow	ConfIntHigh
3.12017339323197	1.51318116293783e-14	2.37182277967638	4.06078973776642
