OddsRatio	PValue	ConfIntLow	ConfIntHigh
3.82448648937851	1.16245280910535e-18	2.89680047149717	5.00040743484485
