OddsRatio	PValue	ConfIntLow	ConfIntHigh
4.21686292519318	7.60280532557961e-47	3.52398883425669	5.02756112584267
