OddsRatio	PValue	ConfIntLow	ConfIntHigh
0.747615249598191	0.796628644330139	0.148971981312971	2.31967071784874
