OddsRatio	PValue	ConfIntLow	ConfIntHigh
1.56860844472507	0.220051474947931	0.722874780120419	3.04644842525737
