OddsRatio	PValue	ConfIntLow	ConfIntHigh
0.945007554432942	1	0.0225232441344274	6.08997292037936
