OddsRatio	PValue	ConfIntLow	ConfIntHigh
1.04314347304824	0.886515140091979	0.557025555075812	1.80460862667493
