OddsRatio	PValue	ConfIntLow	ConfIntHigh
3.73627318568563	1.10255757869119e-42	3.14117197207081	4.42856086164124
